{
    "roc_auc": 0.9527162977867203,
    "pr_auc": 0.9974251540495069,
    "f1": 0.7751509054325956,
    "balanced_accuracy": 0.7751509054325956,
    "sensitivity": 0.9788732394366197,
    "specificity": 0.5714285714285714
}