{
    "lightgbm": {
        "roc_auc": 0.9567742258617006,
        "pr_auc": 0.9543575960840471,
        "f1": 0.8949176953162274,
        "balanced_accuracy": 0.8892837775047118,
        "sensitivity": 0.9048324609392072,
        "specificity": 0.8737350940702167
    },
    "xgboost": {
        "roc_auc": 0.9569493096787032,
        "pr_auc": 0.9543843879799259,
        "f1": 0.895867583641577,
        "balanced_accuracy": 0.8897250212807766,
        "sensitivity": 0.909132825330175,
        "specificity": 0.8703172172313781
    },
    "logistic regression": {
        "roc_auc": 0.9390575123903983,
        "pr_auc": 0.9375613617784342,
        "f1": 0.8678676803551483,
        "balanced_accuracy": 0.8616032319651271,
        "sensitivity": 0.8740103606519473,
        "specificity": 0.8491961032783066
    }
}