{
    "roc_auc": 0.9958365773061382,
    "pr_auc": 0.995937928439888,
    "f1": 0.976136195011399,
    "balanced_accuracy": 0.9748199803722055,
    "sensitivity": 0.9736275565123789,
    "specificity": 0.9760124042320321
}