{
    "roc_auc": 0.9559818163149827,
    "pr_auc": 0.9534448463231459,
    "f1": 0.8957838479809976,
    "balanced_accuracy": 0.8889737214275528,
    "sensitivity": 0.9065504807692307,
    "specificity": 0.8713969620858749
}