{
    "roc_auc": 0.9359401444737456,
    "pr_auc": 0.9317152695880992,
    "f1": 0.8596952327694674,
    "balanced_accuracy": 0.8566054376527211,
    "sensitivity": 0.8666009019165727,
    "specificity": 0.8466099733888696
}