{
    "roc_auc": 0.9967051553199451,
    "pr_auc": 0.9968454353005396,
    "f1": 0.9791756349547999,
    "balanced_accuracy": 0.9778058294837644,
    "sensitivity": 0.9793864370290635,
    "specificity": 0.9762252219384653
}