{
    "roc_auc": 0.9966836200568917,
    "pr_auc": 0.9968882410417297,
    "f1": 0.9785059371712009,
    "balanced_accuracy": 0.9775206710356232,
    "sensitivity": 0.9780649038461539,
    "specificity": 0.9769764382250927
}