{
    "roc_auc": 1.0,
    "pr_auc": 1.0,
    "f1": 0.9131701631701632,
    "balanced_accuracy": 0.8571428571428572,
    "sensitivity": 1.0,
    "specificity": 0.7142857142857143
}