{
    "roc_auc": 0.9958222484664465,
    "pr_auc": 0.9955947325130983,
    "f1": 0.9754228652944773,
    "balanced_accuracy": 0.9742033258766007,
    "sensitivity": 0.9736899207985245,
    "specificity": 0.9747167309546769
}