{
    "roc_auc": 0.9970278807258962,
    "pr_auc": 0.9970511722912453,
    "f1": 0.9788376145241976,
    "balanced_accuracy": 0.9785015867273469,
    "sensitivity": 0.9785076136427487,
    "specificity": 0.978495559811945
}