{
    "roc_auc": 0.995753955751085,
    "pr_auc": 0.9953327376805559,
    "f1": 0.9739806262671773,
    "balanced_accuracy": 0.9736506324267689,
    "sensitivity": 0.9717368095746474,
    "specificity": 0.9755644552788902
}