{
    "roc_auc": 0.9901542811418994,
    "pr_auc": 0.9899705159010637,
    "f1": 0.9539306846999155,
    "balanced_accuracy": 0.9533562748781276,
    "sensitivity": 0.9511434511434511,
    "specificity": 0.955569098612804
}