{
    "roc_auc": 0.993383287896442,
    "pr_auc": 0.9937531960362143,
    "f1": 0.9667868870108198,
    "balanced_accuracy": 0.9646482397884482,
    "sensitivity": 0.9666307857911733,
    "specificity": 0.962665693785723
}