{
    "roc_auc": 0.9608024895712024,
    "pr_auc": 0.9582167984011631,
    "f1": 0.9051087058571065,
    "balanced_accuracy": 0.8981039445344852,
    "sensitivity": 0.9152110231094717,
    "specificity": 0.8809968659594986
}