{
    "roc_auc": 0.9903679697668608,
    "pr_auc": 0.9913228568211496,
    "f1": 0.9577228739795642,
    "balanced_accuracy": 0.9554709139098543,
    "sensitivity": 0.9534445640473628,
    "specificity": 0.9574972637723459
}