{
    "roc_auc": 0.9932752816013841,
    "pr_auc": 0.9935681751410474,
    "f1": 0.966744214192542,
    "balanced_accuracy": 0.9645285850538416,
    "sensitivity": 0.9673035522066739,
    "specificity": 0.9617536179010093
}