{
    "roc_auc": 0.8780250416114144,
    "pr_auc": 0.9549169442232859,
    "f1": 0.7053069383384452,
    "balanced_accuracy": 0.7760210044188764,
    "sensitivity": 0.7185159972770592,
    "specificity": 0.8335260115606936
}