{
    "roc_auc": 0.9893143329487011,
    "pr_auc": 0.989643089822005,
    "f1": 0.9548133058065927,
    "balanced_accuracy": 0.9527727745022887,
    "sensitivity": 0.9538352272727273,
    "specificity": 0.9517103217318502
}