{
    "roc_auc": 0.9988459669582118,
    "pr_auc": 0.9995405997320546,
    "f1": 0.9872879432194797,
    "balanced_accuracy": 0.9889455782312926,
    "sensitivity": 0.9897959183673469,
    "specificity": 0.9880952380952381
}