{
    "roc_auc": 0.9971518787208902,
    "pr_auc": 0.9973132214871566,
    "f1": 0.979461334200401,
    "balanced_accuracy": 0.9782417026041665,
    "sensitivity": 0.9804708690463274,
    "specificity": 0.9760125361620058
}