{
    "roc_auc": 0.9924440616455752,
    "pr_auc": 0.9921040013287548,
    "f1": 0.9618251891861479,
    "balanced_accuracy": 0.961226043167138,
    "sensitivity": 0.963641488162345,
    "specificity": 0.958810598171931
}