{
    "roc_auc": 0.9952366683141278,
    "pr_auc": 0.9948944345820756,
    "f1": 0.9735424364651792,
    "balanced_accuracy": 0.973225387117531,
    "sensitivity": 0.9728015783540023,
    "specificity": 0.9736491958810598
}