{
    "roc_auc": 0.9933677033629265,
    "pr_auc": 0.99332182293095,
    "f1": 0.9662298866182362,
    "balanced_accuracy": 0.9644678475290251,
    "sensitivity": 0.9650374308343279,
    "specificity": 0.9638982642237223
}