{
    "roc_auc": 0.9988073362005533,
    "pr_auc": 0.9996439811839654,
    "f1": 0.9824951902195336,
    "balanced_accuracy": 0.9846600455659742,
    "sensitivity": 0.9901293396868618,
    "specificity": 0.9791907514450867
}