{
    "roc_auc": 0.9966270769686608,
    "pr_auc": 0.9966364471426833,
    "f1": 0.9768443574837066,
    "balanced_accuracy": 0.9764985082192403,
    "sensitivity": 0.9779594137542277,
    "specificity": 0.9750376026842531
}