{
    "roc_auc": 0.9924076383997606,
    "pr_auc": 0.9978147088497313,
    "f1": 0.9409744142489131,
    "balanced_accuracy": 0.9648160244277693,
    "sensitivity": 0.94928522804629,
    "specificity": 0.9803468208092485
}