{
    "roc_auc": 0.9894996697251012,
    "pr_auc": 0.9893209236976698,
    "f1": 0.9538339831609878,
    "balanced_accuracy": 0.9533729324067375,
    "sensitivity": 0.95152198421646,
    "specificity": 0.9552238805970149
}