{
    "roc_auc": 0.9106175015837914,
    "pr_auc": 0.9664106066770088,
    "f1": 0.8152693908521995,
    "balanced_accuracy": 0.7989846027929817,
    "sensitivity": 0.9424778761061947,
    "specificity": 0.6554913294797687
}