{
    "roc_auc": 0.9934173910942338,
    "pr_auc": 0.9932637105071114,
    "f1": 0.9642937408697606,
    "balanced_accuracy": 0.9637021991780546,
    "sensitivity": 0.9643479238073832,
    "specificity": 0.963056474548726
}