{
    "roc_auc": 0.6519114688128773,
    "pr_auc": 0.939768782746242,
    "f1": 0.624820143884892,
    "balanced_accuracy": 0.6790744466800804,
    "sensitivity": 0.9295774647887324,
    "specificity": 0.42857142857142855
}