{
    "A": {
        "lightgbm": 0.5353535353535355,
        "xgboost": 0.5191919191919193,
        "logistic regression": 0.5515151515151515
    },
    "B": {
        "lightgbm": 0.5212121212121212,
        "xgboost": 0.49898989898989904,
        "logistic regression": 0.5131313131313131
    },
    "C": {
        "lightgbm": 0.5171717171717172,
        "xgboost": 0.501010101010101,
        "logistic regression": 0.5313131313131313
    }
}