{
    "roc_auc": 0.9929577464788732,
    "pr_auc": 0.9996603479323429,
    "f1": 0.8263403263403264,
    "balanced_accuracy": 0.7821931589537223,
    "sensitivity": 0.9929577464788732,
    "specificity": 0.5714285714285714
}