{
    "roc_auc": 0.9454572400596398,
    "pr_auc": 0.9452733791225584,
    "f1": 0.878513757999622,
    "balanced_accuracy": 0.8709479093440708,
    "sensitivity": 0.8824454811760877,
    "specificity": 0.859450337512054
}