{
    "roc_auc": 0.9965615030857606,
    "pr_auc": 0.9967218346152813,
    "f1": 0.9778367218583792,
    "balanced_accuracy": 0.9768624923340175,
    "sensitivity": 0.9768083479020979,
    "specificity": 0.9769166367659371
}