{
    "roc_auc": 0.9966845738874409,
    "pr_auc": 0.9968497942005,
    "f1": 0.9784597146821494,
    "balanced_accuracy": 0.9771650020872695,
    "sensitivity": 0.9773143164693219,
    "specificity": 0.9770156877052171
}