{
    "roc_auc": 0.8118712273641852,
    "pr_auc": 0.9826979067438758,
    "f1": 0.7930555555555556,
    "balanced_accuracy": 0.7142857142857143,
    "sensitivity": 1.0,
    "specificity": 0.42857142857142855
}