{
    "roc_auc": 0.9903055579960575,
    "pr_auc": 0.9905969962324226,
    "f1": 0.9567358711327583,
    "balanced_accuracy": 0.9546554116308916,
    "sensitivity": 0.9536996853640013,
    "specificity": 0.9556111378977821
}