{
    "roc_auc": 0.9979879275653925,
    "pr_auc": 0.9999011601372244,
    "f1": 0.9250503018108651,
    "balanced_accuracy": 0.9250503018108651,
    "sensitivity": 0.9929577464788732,
    "specificity": 0.8571428571428571
}