{
    "roc_auc": 0.9987244897959184,
    "pr_auc": 0.9994670202487131,
    "f1": 0.9668560606060606,
    "balanced_accuracy": 0.9795918367346939,
    "sensitivity": 0.9591836734693877,
    "specificity": 1.0
}