{
    "roc_auc": 0.9536718762762454,
    "pr_auc": 0.9497354039252558,
    "f1": 0.8870223294107863,
    "balanced_accuracy": 0.8833909122262511,
    "sensitivity": 0.8989717368095747,
    "specificity": 0.8678100876429277
}