{
    "roc_auc": 0.9598757376785978,
    "pr_auc": 0.9603237424098171,
    "f1": 0.9016358727301604,
    "balanced_accuracy": 0.8924331114897737,
    "sensitivity": 0.9166307857911733,
    "specificity": 0.868235437188374
}