{
    "roc_auc": 0.9597740213363577,
    "pr_auc": 0.9600691551806029,
    "f1": 0.9017046359725984,
    "balanced_accuracy": 0.8930368324190321,
    "sensitivity": 0.9138858988159311,
    "specificity": 0.872187766022133
}