{
    "roc_auc": 0.9851190476190477,
    "pr_auc": 0.9938023528755486,
    "f1": 0.9315026603877439,
    "balanced_accuracy": 0.9285714285714286,
    "sensitivity": 0.9642857142857143,
    "specificity": 0.8928571428571429
}