{
    "roc_auc": 0.9959256227940049,
    "pr_auc": 0.9987814184369481,
    "f1": 0.9683381543739811,
    "balanced_accuracy": 0.9759836230064887,
    "sensitivity": 0.9785568413886998,
    "specificity": 0.9734104046242774
}