{
    "roc_auc": 0.9947157434402333,
    "pr_auc": 0.9980115723897134,
    "f1": 0.9707248584785888,
    "balanced_accuracy": 0.9787414965986394,
    "sensitivity": 0.9693877551020408,
    "specificity": 0.9880952380952381
}