{
    "roc_auc": 0.9436402162696536,
    "pr_auc": 0.9459786977797909,
    "f1": 0.8768547977434965,
    "balanced_accuracy": 0.8675834698338183,
    "sensitivity": 0.8825888051668461,
    "specificity": 0.8525781345007905
}