{
    "roc_auc": 0.9542930963578323,
    "pr_auc": 0.9502008271276823,
    "f1": 0.8884055963429838,
    "balanced_accuracy": 0.8847527637369639,
    "sensitivity": 0.9038049605411499,
    "specificity": 0.865700566932778
}