{
    "lightgbm": {
        "roc_auc": 0.993075328283153,
        "pr_auc": 0.9929570880031717,
        "f1": 0.964748946934515,
        "balanced_accuracy": 0.9634165943537203,
        "sensitivity": 0.9646161848099549,
        "specificity": 0.9622170038974858
    },
    "xgboost": {
        "roc_auc": 0.9929750161646591,
        "pr_auc": 0.9929057782927465,
        "f1": 0.9647289058300366,
        "balanced_accuracy": 0.9632796277807756,
        "sensitivity": 0.9663040937362103,
        "specificity": 0.9602551618253408
    },
    "logistic regression": {
        "roc_auc": 0.989928362315724,
        "pr_auc": 0.9901708764948621,
        "f1": 0.9554073437559637,
        "balanced_accuracy": 0.95392566146558,
        "sensitivity": 0.9527289824088004,
        "specificity": 0.9551223405223596
    }
}