{
    "roc_auc": 0.9958841097518267,
    "pr_auc": 0.998823414018793,
    "f1": 0.9733024135235946,
    "balanced_accuracy": 0.9775504944183648,
    "sensitivity": 0.9840027229407761,
    "specificity": 0.9710982658959537
}