{
    "roc_auc": 0.997428158827719,
    "pr_auc": 0.9992121663110858,
    "f1": 0.960620822409767,
    "balanced_accuracy": 0.9773714571274549,
    "sensitivity": 0.9663036078965282,
    "specificity": 0.9884393063583815
}