{
    "roc_auc": 0.9959758551307847,
    "pr_auc": 0.9998026525282282,
    "f1": 0.8584098828001268,
    "balanced_accuracy": 0.7857142857142857,
    "sensitivity": 1.0,
    "specificity": 0.5714285714285714
}