{
    "roc_auc": 0.9541563296786563,
    "pr_auc": 0.9503423866342402,
    "f1": 0.887473578818556,
    "balanced_accuracy": 0.8842902207193757,
    "sensitivity": 0.899379932356257,
    "specificity": 0.8692005090824945
}