{
    "roc_auc": 0.9556469359848119,
    "pr_auc": 0.9534248423621579,
    "f1": 0.8937618660157309,
    "balanced_accuracy": 0.887601643204526,
    "sensitivity": 0.9001584353146853,
    "specificity": 0.8750448510943667
}