{
    "roc_auc": 0.9987132924367567,
    "pr_auc": 0.9995613176025168,
    "f1": 0.9850478210236364,
    "balanced_accuracy": 0.9854434812719124,
    "sensitivity": 0.9928522804629,
    "specificity": 0.9780346820809248
}