{
    "roc_auc": 0.997074311700578,
    "pr_auc": 0.9971235812439755,
    "f1": 0.9789510636804044,
    "balanced_accuracy": 0.9785897295497702,
    "sensitivity": 0.9793223577007361,
    "specificity": 0.9778571013988043
}