{
    "roc_auc": 0.99662884280454,
    "pr_auc": 0.9966072470541515,
    "f1": 0.977344365642238,
    "balanced_accuracy": 0.9769939645914525,
    "sensitivity": 0.9787767756482525,
    "specificity": 0.9752111535346524
}