{
    "roc_auc": 0.960621966032432,
    "pr_auc": 0.9582161923179783,
    "f1": 0.9046260663634651,
    "balanced_accuracy": 0.8980992789543744,
    "sensitivity": 0.9117663013995877,
    "specificity": 0.884432256509161
}