{
    "roc_auc": 0.9950304338917346,
    "pr_auc": 0.9947528214420348,
    "f1": 0.9735668354084006,
    "balanced_accuracy": 0.9724455155256925,
    "sensitivity": 0.9718913898601399,
    "specificity": 0.972999641191245
}