{
    "roc_auc": 0.9931991057433232,
    "pr_auc": 0.9929356379749729,
    "f1": 0.9667014514751922,
    "balanced_accuracy": 0.9647903904926424,
    "sensitivity": 0.9673700770315721,
    "specificity": 0.9622107039537127
}