{
    "roc_auc": 0.9984815354713314,
    "pr_auc": 0.9993945067491404,
    "f1": 0.9829931972789115,
    "balanced_accuracy": 0.9829931972789115,
    "sensitivity": 0.9897959183673469,
    "specificity": 0.9761904761904762
}