{
    "roc_auc": 0.9927641974165872,
    "pr_auc": 0.992342709212828,
    "f1": 0.9646090309876104,
    "balanced_accuracy": 0.9630386421059356,
    "sensitivity": 0.9634232954545454,
    "specificity": 0.9626539887573257
}