{
    "roc_auc": 0.9922902500847536,
    "pr_auc": 0.9921114961341362,
    "f1": 0.9611129029996214,
    "balanced_accuracy": 0.9603438817814132,
    "sensitivity": 0.9658399098083428,
    "specificity": 0.9548478537544834
}