{
    "roc_auc": 0.9969818913480885,
    "pr_auc": 0.9998542982030111,
    "f1": 0.8793522267206477,
    "balanced_accuracy": 0.8536217303822937,
    "sensitivity": 0.9929577464788732,
    "specificity": 0.7142857142857143
}