{
    "roc_auc": 0.9933537444379082,
    "pr_auc": 0.9931927811786685,
    "f1": 0.963925692253768,
    "balanced_accuracy": 0.9632287577412312,
    "sensitivity": 0.9657807495645333,
    "specificity": 0.960676765917929
}