{
    "roc_auc": 0.9927566989559262,
    "pr_auc": 0.9927208010349083,
    "f1": 0.96516026822906,
    "balanced_accuracy": 0.9635065238347498,
    "sensitivity": 0.9652261800699301,
    "specificity": 0.9617868675995694
}