{
    "roc_auc": 0.9970808258919021,
    "pr_auc": 0.9971972528722047,
    "f1": 0.9790892571397576,
    "balanced_accuracy": 0.9779222166254151,
    "sensitivity": 0.9791689269827493,
    "specificity": 0.976675506268081
}