{
    "roc_auc": 0.9368258805862874,
    "pr_auc": 0.9351165072595921,
    "f1": 0.8654414669700149,
    "balanced_accuracy": 0.8585957040675656,
    "sensitivity": 0.8676518793706294,
    "specificity": 0.8495395287645019
}