{
    "roc_auc": 0.9334240805626652,
    "pr_auc": 0.9297229551421305,
    "f1": 0.8588331462931404,
    "balanced_accuracy": 0.8542836389274591,
    "sensitivity": 0.8707647356296004,
    "specificity": 0.8378025422253178
}