{
    "roc_auc": 0.9099015491644271,
    "pr_auc": 0.9660549627148972,
    "f1": 0.8124605222378023,
    "balanced_accuracy": 0.8002726875661552,
    "sensitivity": 0.9346494213750851,
    "specificity": 0.6658959537572254
}