{
    "roc_auc": 0.9999392614188533,
    "pr_auc": 0.9999741013156531,
    "f1": 0.9914965986394558,
    "balanced_accuracy": 0.9914965986394558,
    "sensitivity": 0.9948979591836735,
    "specificity": 0.9880952380952381
}