{
    "lightgbm": {
        "roc_auc": 0.9967963721119322,
        "pr_auc": 0.9968913002243829,
        "f1": 0.978213533137638,
        "balanced_accuracy": 0.9773899611986578,
        "sensitivity": 0.977951723750229,
        "specificity": 0.9768281986470866
    },
    "xgboost": {
        "roc_auc": 0.996848761720569,
        "pr_auc": 0.9969555452255104,
        "f1": 0.9786876671298088,
        "balanced_accuracy": 0.9778303794529555,
        "sensitivity": 0.9792042686541066,
        "specificity": 0.976456490251804
    },
    "logistic regression": {
        "roc_auc": 0.9955359767459064,
        "pr_auc": 0.9953025309315306,
        "f1": 0.9745297916893267,
        "balanced_accuracy": 0.9736689682637598,
        "sensitivity": 0.9727494510199385,
        "specificity": 0.9745884855075808
    }
}