group,mean_importance,std_importance,num_features,normalized_importance
population,0.71074045,0.73399216,6,0.4332425
mane,0.54706734,0.87919086,2,0.33347312
conservation,0.38270625,0.47340876,9,0.23328434
