{
    "roc_auc": 0.9869412050534498,
    "pr_auc": 0.9946477325385876,
    "f1": 0.9210389610389611,
    "balanced_accuracy": 0.9311224489795918,
    "sensitivity": 0.9336734693877551,
    "specificity": 0.9285714285714286
}