{
    "roc_auc": 0.9537934084709008,
    "pr_auc": 0.9497357256378203,
    "f1": 0.8884038952966365,
    "balanced_accuracy": 0.8843615652151073,
    "sensitivity": 0.9034668764398495,
    "specificity": 0.8652562539903651
}