{
    "roc_auc": 0.9713313896987366,
    "pr_auc": 0.9893699062327965,
    "f1": 0.8927340058740902,
    "balanced_accuracy": 0.9243197278911565,
    "sensitivity": 0.8724489795918368,
    "specificity": 0.9761904761904762
}